id,kaomoji,subcategory,category
km_000001,(* ^ ω ^),Joy,Positive Emotions
km_000002,(´ ∀ ` *),Joy,Positive Emotions
km_000003,٩(◕‿◕｡)۶,Joy,Positive Emotions
km_000004,☆*:.｡.o(≧▽≦)o.｡.:*☆,Joy,Positive Emotions
km_000005,(o^▽^o),Joy,Positive Emotions
km_000006,(⌒▽⌒)☆,Joy,Positive Emotions
km_000007,<(￣︶￣)>,Joy,Positive Emotions
km_000008,。.:☆*:･'(*⌒―⌒*))),Joy,Positive Emotions
km_000009,ヽ(・∀・)ﾉ,Joy,Positive Emotions
km_000010,(´｡• ω •｡`),Joy,Positive Emotions
km_000011,(￣ω￣),Joy,Positive Emotions
km_000012,｀;:゛;｀;･(°ε° ),Joy,Positive Emotions
km_000013,(o･ω･o),Joy,Positive Emotions
km_000014,(＠＾◡＾),Joy,Positive Emotions
km_000015,ヽ(*・ω・)ﾉ,Joy,Positive Emotions
km_000016,(o_ _)ﾉ彡☆,Joy,Positive Emotions
km_000017,(^人^),Joy,Positive Emotions
km_000018,(o´▽`o),Joy,Positive Emotions
km_000019,(*´▽`*),Joy,Positive Emotions
km_000020,｡ﾟ( ﾟ^∀^ﾟ)ﾟ｡,Joy,Positive Emotions
km_000021,( ´ ω ` ),Joy,Positive Emotions
km_000022,(((o(*°▽°*)o))),Joy,Positive Emotions
km_000023,(≧◡≦),Joy,Positive Emotions
km_000024,(o´∀`o),Joy,Positive Emotions
km_000025,(´• ω •`),Joy,Positive Emotions
km_000026,(＾▽＾),Joy,Positive Emotions
km_000027,(⌒ω⌒),Joy,Positive Emotions
km_000028,∑d(°∀°d),Joy,Positive Emotions
km_000029,╰(▔∀▔)╯,Joy,Positive Emotions
km_000030,(─‿‿─),Joy,Positive Emotions
km_000031,(*^‿^*),Joy,Positive Emotions
km_000032,ヽ(o^ ^o)ﾉ,Joy,Positive Emotions
km_000033,(✯◡✯),Joy,Positive Emotions
km_000034,(◕‿◕),Joy,Positive Emotions
km_000035,(*≧ω≦*),Joy,Positive Emotions
km_000036,(☆▽☆),Joy,Positive Emotions
km_000037,(⌒‿⌒),Joy,Positive Emotions
km_000038,＼(≧▽≦)／,Joy,Positive Emotions
km_000039,ヽ(o＾▽＾o)ノ,Joy,Positive Emotions
km_000040,☆ ～('▽^人),Joy,Positive Emotions
km_000041,(*°▽°*),Joy,Positive Emotions
km_000042,٩(｡•́‿•̀｡)۶,Joy,Positive Emotions
km_000043,(✧ω✧),Joy,Positive Emotions
km_000044,ヽ(*⌒▽⌒*)ﾉ,Joy,Positive Emotions
km_000045,(´｡• ᵕ •｡`),Joy,Positive Emotions
km_000046,( ´ ▽ ` ),Joy,Positive Emotions
km_000047,(￣▽￣),Joy,Positive Emotions
km_000048,╰(*´︶`*)╯,Joy,Positive Emotions
km_000049,ヽ(>∀<☆)ノ,Joy,Positive Emotions
km_000050,o(≧▽≦)o,Joy,Positive Emotions
km_000051,(☆ω☆),Joy,Positive Emotions
km_000052,(っ˘ω˘ς ),Joy,Positive Emotions
km_000053,＼(￣▽￣)／,Joy,Positive Emotions
km_000054,(*¯︶¯*),Joy,Positive Emotions
km_000055,＼(＾▽＾)／,Joy,Positive Emotions
km_000056,٩(◕‿◕)۶,Joy,Positive Emotions
km_000057,(o˘◡˘o),Joy,Positive Emotions
km_000058,\(★ω★)/,Joy,Positive Emotions
km_000059,\(^ヮ^)/,Joy,Positive Emotions
km_000060,(〃＾▽＾〃),Joy,Positive Emotions
km_000061,(╯✧▽✧)╯,Joy,Positive Emotions
km_000062,o(>ω<)o,Joy,Positive Emotions
km_000063,o( ❛ᴗ❛ )o,Joy,Positive Emotions
km_000064,｡ﾟ(TヮT)ﾟ｡,Joy,Positive Emotions
km_000065,( ‾́ ◡ ‾́ ),Joy,Positive Emotions
km_000066,(ﾉ´ヮ`)ﾉ*: ･ﾟ,Joy,Positive Emotions
km_000067,(b ᵔ▽ᵔ)b,Joy,Positive Emotions
km_000068,(๑˃ᴗ˂)ﻭ,Joy,Positive Emotions
km_000069,(๑˘︶˘๑),Joy,Positive Emotions
km_000070,( ˙꒳​˙ ),Joy,Positive Emotions
km_000071,(*꒦ິ꒳꒦ີ),Joy,Positive Emotions
km_000072,°˖✧◝(⁰▿⁰)◜✧˖°,Joy,Positive Emotions
km_000073,(´･ᴗ･ ` ),Joy,Positive Emotions
km_000074,(ﾉ◕ヮ◕)ﾉ*:･ﾟ✧,Joy,Positive Emotions
km_000075,(„• ֊ •„),Joy,Positive Emotions
km_000076,(.❛ ᴗ ❛.),Joy,Positive Emotions
km_000077,(⁀ᗢ⁀),Joy,Positive Emotions
km_000078,(￢‿￢ ),Joy,Positive Emotions
km_000079,(¬‿¬ ),Joy,Positive Emotions
km_000080,(*￣▽￣)b,Joy,Positive Emotions
km_000081,( ˙▿˙ ),Joy,Positive Emotions
km_000082,(¯▿¯),Joy,Positive Emotions
km_000083,( ◕▿◕ ),Joy,Positive Emotions
km_000084,＼(٥⁀▽⁀ )／,Joy,Positive Emotions
km_000085,(„• ᴗ •„),Joy,Positive Emotions
km_000086,(ᵔ◡ᵔ),Joy,Positive Emotions
km_000087,( ´ ▿ ` ),Joy,Positive Emotions
km_000088,(๑>◡<๑),Joy,Positive Emotions
km_000089,( = ⩊ = ),Joy,Positive Emotions
km_000090,( ´ ꒳ ` ),Joy,Positive Emotions
km_000091,⸜( ´ ꒳ ` )⸝,Joy,Positive Emotions
km_000092,⸜(⸝⸝⸝´꒳`⸝⸝⸝)⸝,Joy,Positive Emotions
km_000093,⸜(*ˊᗜˋ*)⸝,Joy,Positive Emotions
km_000094,⸜( *ˊᵕˋ* )⸝,Joy,Positive Emotions
km_000095,(>⩊<),Joy,Positive Emotions
km_000096,(ᗒ⩊ᗕ),Joy,Positive Emotions
km_000097,(ᵔ⩊ᵔ),Joy,Positive Emotions
km_000098,( ᵔ ⩊ ᵔ ),Joy,Positive Emotions
km_000099,(•⩊•),Joy,Positive Emotions
km_000100,( • ⩊ • ),Joy,Positive Emotions
km_000101,(ﾉ´ з `)ノ,Love,Positive Emotions
km_000102,(♡μ_μ),Love,Positive Emotions
km_000103,(*^^*)♡,Love,Positive Emotions
km_000104,☆⌒ヽ(*'､^*)chu,Love,Positive Emotions
km_000105,(♡-_-♡),Love,Positive Emotions
km_000106,(￣ε￣＠),Love,Positive Emotions
km_000107,ヽ(♡‿♡)ノ,Love,Positive Emotions
km_000108,( ´ ∀ `)ノ～ ♡,Love,Positive Emotions
km_000109,(─‿‿─)♡,Love,Positive Emotions
km_000110,(´｡• ᵕ •｡`) ♡,Love,Positive Emotions
km_000111,(*♡∀♡),Love,Positive Emotions
km_000112,(｡・//ε//・｡),Love,Positive Emotions
km_000113,(´ ω `♡),Love,Positive Emotions
km_000114,♡( ◡‿◡ ),Love,Positive Emotions
km_000115,(◕‿◕)♡,Love,Positive Emotions
km_000116,(/▽＼*)｡o○♡,Love,Positive Emotions
km_000117,(ღ˘⌣˘ღ),Love,Positive Emotions
km_000118,(♡°▽°♡),Love,Positive Emotions
km_000119,♡(｡- ω -),Love,Positive Emotions
km_000120,♡ ～('▽^人),Love,Positive Emotions
km_000121,(´• ω •`) ♡,Love,Positive Emotions
km_000122,(´ ε ` )♡,Love,Positive Emotions
km_000123,(´｡• ω •｡`) ♡,Love,Positive Emotions
km_000124,( ´ ▽ ` ).｡ｏ♡,Love,Positive Emotions
km_000125,╰(*´︶`*)╯♡,Love,Positive Emotions
km_000126,(*˘︶˘*).｡.:*♡,Love,Positive Emotions
km_000127,(♡˙︶˙♡),Love,Positive Emotions
km_000128,♡＼(￣▽￣)／♡,Love,Positive Emotions
km_000129,(≧◡≦) ♡,Love,Positive Emotions
km_000130,(⌒▽⌒)♡,Love,Positive Emotions
km_000131,(*¯ ³¯*)♡,Love,Positive Emotions
km_000132,(っ˘з(˘⌣˘ ) ♡,Love,Positive Emotions
km_000133,♡ (˘▽˘>ԅ( ˘⌣˘),Love,Positive Emotions
km_000134,( ˘⌣˘)♡(˘⌣˘ ),Love,Positive Emotions
km_000135,(/^-^(^ ^*)/ ♡,Love,Positive Emotions
km_000136,٩(♡ε♡)۶,Love,Positive Emotions
km_000137,σ(≧ε≦σ) ♡,Love,Positive Emotions
km_000138,♡ (⇀ 3 ↼),Love,Positive Emotions
km_000139,♡ (￣З￣),Love,Positive Emotions
km_000140,(❤ω❤),Love,Positive Emotions
km_000141,(˘∀˘)/(μ‿μ) ❤,Love,Positive Emotions
km_000142,❤ (ɔˆз(ˆ⌣ˆc),Love,Positive Emotions
km_000143,(´♡‿♡`),Love,Positive Emotions
km_000144,(°◡°♡),Love,Positive Emotions
km_000145,Σ>―(〃°ω°〃)♡→,Love,Positive Emotions
km_000146,"(´,,•ω•,,)♡",Love,Positive Emotions
km_000147,(´꒳`)♡,Love,Positive Emotions
km_000148,♡(>ᴗ•),Love,Positive Emotions
km_000149,(❤⩊❤)[=_=](☆ε☆),Love,Positive Emotions
km_000150,( ´ ꒳ ` ) ♡,Love,Positive Emotions
km_000151,(˘˘ ♡),Love,Positive Emotions
km_000152,(´ ˘ `).｡oO (♡),Love,Positive Emotions
km_000153,(⌒_⌒;),Embarrassment,Positive Emotions
km_000154,(o^ ^o),Embarrassment,Positive Emotions
km_000155,(*/ω＼),Embarrassment,Positive Emotions
km_000156,(*/。＼),Embarrassment,Positive Emotions
km_000157,(*/_＼),Embarrassment,Positive Emotions
km_000158,(*ﾉωﾉ),Embarrassment,Positive Emotions
km_000159,(o-_-o),Embarrassment,Positive Emotions
km_000160,(*μ_μ),Embarrassment,Positive Emotions
km_000161,( ◡‿◡ *),Embarrassment,Positive Emotions
km_000162,(ᵔ.ᵔ),Embarrassment,Positive Emotions
km_000163,(*ﾉ∀`*),Embarrassment,Positive Emotions
km_000164,(//▽//),Embarrassment,Positive Emotions
km_000165,(//ω//),Embarrassment,Positive Emotions
km_000166,(ノ*°▽°*),Embarrassment,Positive Emotions
km_000167,(*^.^*),Embarrassment,Positive Emotions
km_000168,(*ﾉ▽ﾉ),Embarrassment,Positive Emotions
km_000169,(￣▽￣*)ゞ,Embarrassment,Positive Emotions
km_000170,(⁄ ⁄•⁄ω⁄•⁄ ⁄),Embarrassment,Positive Emotions
km_000171,(*/▽＼*),Embarrassment,Positive Emotions
km_000172,(⁄ ⁄>⁄ ▽ ⁄<⁄ ⁄),Embarrassment,Positive Emotions
km_000173,(„ಡωಡ„),Embarrassment,Positive Emotions
km_000174,(ง ื▿ ื)ว,Embarrassment,Positive Emotions
km_000175,( 〃▽〃),Embarrassment,Positive Emotions
km_000176,(/▿＼ ),Embarrassment,Positive Emotions
km_000177,(///￣ ￣///),Embarrassment,Positive Emotions
km_000178,(ノ_<。)ヾ(´ ▽ ` ),Sympathy,Positive Emotions
km_000179,｡･ﾟ･(ﾉД`)ヽ(￣ω￣ ),Sympathy,Positive Emotions
km_000180,ρ(- ω -、)ヾ(￣ω￣; ),Sympathy,Positive Emotions
km_000181,ヽ(￣ω￣(。。 )ゝ,Sympathy,Positive Emotions
km_000182,(*´ I `)ﾉﾟ(ﾉД｀ﾟ)ﾟ｡,Sympathy,Positive Emotions
km_000183,ヽ(~_~(・_・ )ゝ,Sympathy,Positive Emotions
km_000184,(ﾉ_；)ヾ(´ ∀ ` ),Sympathy,Positive Emotions
km_000185,(; ω ; )ヾ(´∀`* ),Sympathy,Positive Emotions
km_000186,(*´ー)ﾉ(ノд`),Sympathy,Positive Emotions
km_000187,(´-ω-`( _ _ ),Sympathy,Positive Emotions
km_000188,(っ´ω`)ﾉ(╥ω╥),Sympathy,Positive Emotions
km_000189,(ｏ・_・)ノ”(ノ_<、),Sympathy,Positive Emotions
km_000190,(＃＞＜),Dissatisfaction,Negative Emotions
km_000191,(；⌣̀_⌣́),Dissatisfaction,Negative Emotions
km_000192,☆ｏ(＞＜；)○,Dissatisfaction,Negative Emotions
km_000193,(￣ ￣|||),Dissatisfaction,Negative Emotions
km_000194,(；￣Д￣),Dissatisfaction,Negative Emotions
km_000195,(￣□￣」),Dissatisfaction,Negative Emotions
km_000196,(＃￣0￣),Dissatisfaction,Negative Emotions
km_000197,(＃￣ω￣),Dissatisfaction,Negative Emotions
km_000198,(￢_￢;),Dissatisfaction,Negative Emotions
km_000199,(＞ｍ＜),Dissatisfaction,Negative Emotions
km_000200,(」°ロ°)」,Dissatisfaction,Negative Emotions
km_000201,(〃＞＿＜;〃),Dissatisfaction,Negative Emotions
km_000202,(＾＾＃),Dissatisfaction,Negative Emotions
km_000203,(︶︹︺),Dissatisfaction,Negative Emotions
km_000204,(￣ヘ￣),Dissatisfaction,Negative Emotions
km_000205,<(￣ ﹌ ￣)>,Dissatisfaction,Negative Emotions
km_000206,(￣︿￣),Dissatisfaction,Negative Emotions
km_000207,(＞﹏＜),Dissatisfaction,Negative Emotions
km_000208,(--_--),Dissatisfaction,Negative Emotions
km_000209,凸(￣ヘ￣),Dissatisfaction,Negative Emotions
km_000210,ヾ( ￣O￣)ツ,Dissatisfaction,Negative Emotions
km_000211,(⇀‸↼‶),Dissatisfaction,Negative Emotions
km_000212,o(>< )o,Dissatisfaction,Negative Emotions
km_000213,(」＞＜)」,Dissatisfaction,Negative Emotions
km_000214,(ᗒᗣᗕ)՞,Dissatisfaction,Negative Emotions
km_000215,(눈_눈),Dissatisfaction,Negative Emotions
km_000216,(＃`Д´),Anger,Negative Emotions
km_000217,(`皿´＃),Anger,Negative Emotions
km_000218,( ` ω ´ ),Anger,Negative Emotions
km_000219,ヽ( `д´*)ノ,Anger,Negative Emotions
km_000220,(・`ω´・),Anger,Negative Emotions
km_000221,(`ー´),Anger,Negative Emotions
km_000222,ヽ(`⌒´メ)ノ,Anger,Negative Emotions
km_000223,凸(`△´＃),Anger,Negative Emotions
km_000224,( `ε´ ),Anger,Negative Emotions
km_000225,ψ( ` ∇ ´ )ψ,Anger,Negative Emotions
km_000226,ヾ(`ヘ´)ﾉﾞ,Anger,Negative Emotions
km_000227,ヽ(‵﹏´)ノ,Anger,Negative Emotions
km_000228,(ﾒ` ﾛ ´),Anger,Negative Emotions
km_000229,(╬`益´),Anger,Negative Emotions
km_000230,┌∩┐(◣_◢)┌∩┐,Anger,Negative Emotions
km_000231,凸( ` ﾛ ´ )凸,Anger,Negative Emotions
km_000232,Σ(▼□▼メ),Anger,Negative Emotions
km_000233,(°ㅂ°╬),Anger,Negative Emotions
km_000234,ψ(▼へ▼メ)～→,Anger,Negative Emotions
km_000235,(ノ°益°)ノ,Anger,Negative Emotions
km_000236,(҂ `з´ ),Anger,Negative Emotions
km_000237,(‡▼益▼),Anger,Negative Emotions
km_000238,(҂` ﾛ ´)凸,Anger,Negative Emotions
km_000239,((╬◣﹏◢)),Anger,Negative Emotions
km_000240,٩(╬ʘ益ʘ╬)۶,Anger,Negative Emotions
km_000241,(╬ Ò﹏Ó),Anger,Negative Emotions
km_000242,＼＼٩(๑`^´๑)۶／／,Anger,Negative Emotions
km_000243,(凸ಠ益ಠ)凸,Anger,Negative Emotions
km_000244,↑_(ΦwΦ)Ψ,Anger,Negative Emotions
km_000245,←~(Ψ▼ｰ▼)∈,Anger,Negative Emotions
km_000246,୧((#Φ益Φ#))୨,Anger,Negative Emotions
km_000247,٩(ఠ益ఠ)۶,Anger,Negative Emotions
km_000248,(ﾉಥ益ಥ)ﾉ,Anger,Negative Emotions
km_000249,(≖､≖╬),Anger,Negative Emotions
km_000250,(ノ_<。),Sadness,Negative Emotions
km_000251,(-_-),Sadness,Negative Emotions
km_000252,(´-ω-`),Sadness,Negative Emotions
km_000253,.･ﾟﾟ･(／ω＼)･ﾟﾟ･.,Sadness,Negative Emotions
km_000254,(μ_μ),Sadness,Negative Emotions
km_000255,(ﾉД`),Sadness,Negative Emotions
km_000256,(-ω-、),Sadness,Negative Emotions
km_000257,。゜゜(´Ｏ`) ゜゜。,Sadness,Negative Emotions
km_000258,o(TヘTo),Sadness,Negative Emotions
km_000259,( ; ω ; ),Sadness,Negative Emotions
km_000260,(｡╯︵╰｡),Sadness,Negative Emotions
km_000261,｡･ﾟﾟ*(>д<)*ﾟﾟ･｡,Sadness,Negative Emotions
km_000262,( ﾟ，_ゝ｀),Sadness,Negative Emotions
km_000263,(个_个),Sadness,Negative Emotions
km_000264,"(╯︵╰,)",Sadness,Negative Emotions
km_000265,｡･ﾟ(ﾟ><ﾟ)ﾟ･｡,Sadness,Negative Emotions
km_000266,( ╥ω╥ ),Sadness,Negative Emotions
km_000267,(╯_╰),Sadness,Negative Emotions
km_000268,(╥_╥),Sadness,Negative Emotions
km_000269,.｡･ﾟﾟ･(＞_＜)･ﾟﾟ･｡.,Sadness,Negative Emotions
km_000270,(／ˍ・、),Sadness,Negative Emotions
km_000271,(ノ_<、),Sadness,Negative Emotions
km_000272,(╥﹏╥),Sadness,Negative Emotions
km_000273,｡ﾟ(｡ﾉωヽ｡)ﾟ｡,Sadness,Negative Emotions
km_000274,(つω`｡),Sadness,Negative Emotions
km_000275,(｡T ω T｡),Sadness,Negative Emotions
km_000276,(ﾉω･､),Sadness,Negative Emotions
km_000277,･ﾟ･(｡>ω<｡)･ﾟ･,Sadness,Negative Emotions
km_000278,(T_T),Sadness,Negative Emotions
km_000279,(>_<),Sadness,Negative Emotions
km_000280,(っ˘̩╭╮˘̩)っ,Sadness,Negative Emotions
km_000281,｡ﾟ･ (>﹏<) ･ﾟ｡,Sadness,Negative Emotions
km_000282,o(〒﹏〒)o,Sadness,Negative Emotions
km_000283,(｡•́︿•̀｡),Sadness,Negative Emotions
km_000284,(ಥ﹏ಥ),Sadness,Negative Emotions
km_000285,(ಡ‸ಡ),Sadness,Negative Emotions
km_000286,~(>_<~),Pain,Negative Emotions
km_000287,☆⌒(> _ <),Pain,Negative Emotions
km_000288,☆⌒(>。<),Pain,Negative Emotions
km_000289,(☆_@),Pain,Negative Emotions
km_000290,(×_×),Pain,Negative Emotions
km_000291,(x_x),Pain,Negative Emotions
km_000292,(×_×)⌒☆,Pain,Negative Emotions
km_000293,(x_x)⌒☆,Pain,Negative Emotions
km_000294,(×﹏×),Pain,Negative Emotions
km_000295,☆(＃××),Pain,Negative Emotions
km_000296,(＋_＋),Pain,Negative Emotions
km_000297,[ ± _ ± ],Pain,Negative Emotions
km_000298,٩(× ×)۶,Pain,Negative Emotions
km_000299,_:(´ཀ`」 ∠):_,Pain,Negative Emotions
km_000300,(ﾒ﹏ﾒ),Pain,Negative Emotions
km_000301,(ノωヽ),Fear,Negative Emotions
km_000302,(／。＼),Fear,Negative Emotions
km_000303,(ﾉ_ヽ),Fear,Negative Emotions
km_000304,..・ヾ(。＞＜)シ,Fear,Negative Emotions
km_000305,(″ロ゛),Fear,Negative Emotions
km_000306,(;;;*_*),Fear,Negative Emotions
km_000307,(・人・),Fear,Negative Emotions
km_000308,＼(〇_ｏ)／,Fear,Negative Emotions
km_000309,(/ω＼),Fear,Negative Emotions
km_000310,(/_＼),Fear,Negative Emotions
km_000311,〜(＞＜)〜,Fear,Negative Emotions
km_000312,Σ(°△°|||)︴,Fear,Negative Emotions
km_000313,(((＞＜))),Fear,Negative Emotions
km_000314,{{ (>_<) }},Fear,Negative Emotions
km_000315,＼(º □ º l|l)/,Fear,Negative Emotions
km_000316,〣( ºΔº )〣,Fear,Negative Emotions
km_000317,▓▒░(°◡°)░▒▓,Fear,Negative Emotions
km_000318,(°□°;),Fear,Negative Emotions
km_000319,Σ(°ロ°)!!!,Fear,Negative Emotions
km_000320,ヽ(ー_ー )ノ,Indifference,Neutral Emotions
km_000321,ヽ(´ー` )┌,Indifference,Neutral Emotions
km_000322,┐(‘～` )┌,Indifference,Neutral Emotions
km_000323,ヽ(　￣д￣)ノ,Indifference,Neutral Emotions
km_000324,┐(￣ヘ￣)┌,Indifference,Neutral Emotions
km_000325,ヽ(￣～￣　)ノ,Indifference,Neutral Emotions
km_000326,╮(￣_￣)╭,Indifference,Neutral Emotions
km_000327,ヽ(ˇヘˇ)ノ,Indifference,Neutral Emotions
km_000328,┐(￣～￣)┌,Indifference,Neutral Emotions
km_000329,┐(︶▽︶)┌,Indifference,Neutral Emotions
km_000330,╮(￣～￣)╭,Indifference,Neutral Emotions
km_000331,¯\_(ツ)_/¯,Indifference,Neutral Emotions
km_000332,┐( ´ д ` )┌,Indifference,Neutral Emotions
km_000333,╮(︶︿︶)╭,Indifference,Neutral Emotions
km_000334,┐(￣∀￣)┌,Indifference,Neutral Emotions
km_000335,┐( ˘ ､ ˘ )┌,Indifference,Neutral Emotions
km_000336,╮(︶▽︶)╭,Indifference,Neutral Emotions
km_000337,╮( ˘ ､ ˘ )╭,Indifference,Neutral Emotions
km_000338,┐( ˘_˘ )┌,Indifference,Neutral Emotions
km_000339,╮( ˘_˘ )╭,Indifference,Neutral Emotions
km_000340,┐(￣ヮ￣)┌,Indifference,Neutral Emotions
km_000341,ᕕ( ᐛ )ᕗ,Indifference,Neutral Emotions
km_000342,┐(シ)┌,Indifference,Neutral Emotions
km_000343,(￣ω￣;),Confusion,Neutral Emotions
km_000344,σ(￣、￣〃),Confusion,Neutral Emotions
km_000345,(￣～￣;),Confusion,Neutral Emotions
km_000346,(-_-;)・・・,Confusion,Neutral Emotions
km_000347,┐('～`;)┌,Confusion,Neutral Emotions
km_000348,(・_・ヾ,Confusion,Neutral Emotions
km_000349,(〃￣ω￣〃ゞ,Confusion,Neutral Emotions
km_000350,┐(￣ヘ￣;)┌,Confusion,Neutral Emotions
km_000351,(・_・;),Confusion,Neutral Emotions
km_000352,(￣_￣)・・・,Confusion,Neutral Emotions
km_000353,╮(￣ω￣;)╭,Confusion,Neutral Emotions
km_000354,(¯ . ¯;),Confusion,Neutral Emotions
km_000355,(＠_＠),Confusion,Neutral Emotions
km_000356,(・・;)ゞ,Confusion,Neutral Emotions
km_000357,Σ(￣。￣ﾉ),Confusion,Neutral Emotions
km_000358,(・・ ) ?,Confusion,Neutral Emotions
km_000359,(•ิ_•ิ)?,Confusion,Neutral Emotions
km_000360,(◎ ◎)ゞ,Confusion,Neutral Emotions
km_000361,(ーー;),Confusion,Neutral Emotions
km_000362,ლ(ಠ_ಠ ლ),Confusion,Neutral Emotions
km_000363,"ლ(¯ロ¯""ლ)",Confusion,Neutral Emotions
km_000364,(¯ . ¯٥),Confusion,Neutral Emotions
km_000365,(¯  ¯٥),Confusion,Neutral Emotions
km_000366,(・・?),Confusion,Neutral Emotions
km_000367,(??_??),Confusion,Neutral Emotions
km_000368,(⊙.⊙)?,Confusion,Neutral Emotions
km_000369,(￢_￢),Doubt,Neutral Emotions
km_000370,(→_→),Doubt,Neutral Emotions
km_000371,(￢ ￢),Doubt,Neutral Emotions
km_000372,(¬_¬ ),Doubt,Neutral Emotions
km_000373,(←_←),Doubt,Neutral Emotions
km_000374,(¬ ¬ ),Doubt,Neutral Emotions
km_000375,(↼_↼),Doubt,Neutral Emotions
km_000376,(⇀_⇀),Doubt,Neutral Emotions
km_000377,(ᓀ ᓀ),Doubt,Neutral Emotions
km_000378,(„¬ᴗ¬„),Doubt,Neutral Emotions
km_000379,w(°ｏ°)w,Surprise,Neutral Emotions
km_000380,ヽ(°〇°)ﾉ,Surprise,Neutral Emotions
km_000381,Σ(O_O),Surprise,Neutral Emotions
km_000382,Σ(°ロ°),Surprise,Neutral Emotions
km_000383,(⊙_⊙),Surprise,Neutral Emotions
km_000384,(o_O),Surprise,Neutral Emotions
km_000385,(O_O;),Surprise,Neutral Emotions
km_000386,(O.O),Surprise,Neutral Emotions
km_000387,(°ロ°) !,Surprise,Neutral Emotions
km_000388,(o_O) !,Surprise,Neutral Emotions
km_000389,(□_□),Surprise,Neutral Emotions
km_000390,Σ(□_□),Surprise,Neutral Emotions
km_000391,∑(O_O;),Surprise,Neutral Emotions
km_000392,( : ౦ ‸ ౦ : ),Surprise,Neutral Emotions
km_000393,(*・ω・)ﾉ,Greeting,Various Actions
km_000394,(￣▽￣)ノ,Greeting,Various Actions
km_000395,(°▽°)/,Greeting,Various Actions
km_000396,( ´ ∀ ` )ﾉ,Greeting,Various Actions
km_000397,(^-^*)/,Greeting,Various Actions
km_000398,(＠´ー`)ﾉﾞ,Greeting,Various Actions
km_000399,(´• ω •`)ﾉ,Greeting,Various Actions
km_000400,( ° ∀ ° )ﾉﾞ,Greeting,Various Actions
km_000401,ヾ(*'▽'*),Greeting,Various Actions
km_000402,＼(⌒▽⌒),Greeting,Various Actions
km_000403,ヾ(☆▽☆),Greeting,Various Actions
km_000404,( ´ ▽ ` )ﾉ,Greeting,Various Actions
km_000405,(^０^)ノ,Greeting,Various Actions
km_000406,~ヾ(・ω・),Greeting,Various Actions
km_000407,(・∀・)ノ,Greeting,Various Actions
km_000408,ヾ(・ω・*),Greeting,Various Actions
km_000409,(*°ｰ°)ﾉ,Greeting,Various Actions
km_000410,(・_・)ノ,Greeting,Various Actions
km_000411,(o´ω`o)ﾉ,Greeting,Various Actions
km_000412,( ´ ▽ ` )/,Greeting,Various Actions
km_000413,(￣ω￣)/,Greeting,Various Actions
km_000414,( ´ ω ` )ノﾞ,Greeting,Various Actions
km_000415,(⌒ω⌒)ﾉ,Greeting,Various Actions
km_000416,(o^ ^o)/,Greeting,Various Actions
km_000417,(≧▽≦)/,Greeting,Various Actions
km_000418,(✧∀✧)/,Greeting,Various Actions
km_000419,(o´▽`o)ﾉ,Greeting,Various Actions
km_000420,(￣▽￣)/,Greeting,Various Actions
km_000421,(づ￣ ³￣)づ,Hugging,Various Actions
km_000422,(つ≧▽≦)つ,Hugging,Various Actions
km_000423,(つ✧ω✧)つ,Hugging,Various Actions
km_000424,(づ ◕‿◕ )づ,Hugging,Various Actions
km_000425,(⊃｡•́‿•̀｡)⊃,Hugging,Various Actions
km_000426,(つ . •́ _ʖ •̀ .)つ,Hugging,Various Actions
km_000427,(っಠ‿ಠ)っ,Hugging,Various Actions
km_000428,(づ◡﹏◡)づ,Hugging,Various Actions
km_000429,⊂(´• ω •`⊂),Hugging,Various Actions
km_000430,⊂(･ω･*⊂),Hugging,Various Actions
km_000431,⊂(￣▽￣)⊃,Hugging,Various Actions
km_000432,⊂( ´ ▽ ` )⊃,Hugging,Various Actions
km_000433,( ~*-*)~,Hugging,Various Actions
km_000434,(ノ= ⩊ = )ノ,Hugging,Various Actions
km_000435,(っ ᵔ◡ᵔ)っ,Hugging,Various Actions
km_000436,(っ╹ᆺ╹)っ,Hugging,Various Actions
km_000437,(^_~),Winking,Various Actions
km_000438,( ﾟｏ⌒),Winking,Various Actions
km_000439,(^_-)≡☆,Winking,Various Actions
km_000440,(^ω~),Winking,Various Actions
km_000441,(>ω^),Winking,Various Actions
km_000442,(~人^),Winking,Various Actions
km_000443,(^_-),Winking,Various Actions
km_000444,( -_・),Winking,Various Actions
km_000445,(^_<)〜☆,Winking,Various Actions
km_000446,(^人<)〜☆,Winking,Various Actions
km_000447,☆⌒(≧▽​° ),Winking,Various Actions
km_000448,☆⌒(ゝ。∂),Winking,Various Actions
km_000449,(^_<),Winking,Various Actions
km_000450,(^_−)☆,Winking,Various Actions
km_000451,(･ω<)☆,Winking,Various Actions
km_000452,(^.~)☆,Winking,Various Actions
km_000453,(^.~),Winking,Various Actions
km_000454,(｡•̀ᴗ-)✧,Winking,Various Actions
km_000455,(>ᴗ•),Winking,Various Actions
km_000456,☆(>ᴗ•),Winking,Various Actions
km_000457,m(_ _)m,Apologizing,Various Actions
km_000458,(シ_ _)シ,Apologizing,Various Actions
km_000459,m(. .)m,Apologizing,Various Actions
km_000460,<(_ _)>,Apologizing,Various Actions
km_000461,人(_ _*),Apologizing,Various Actions
km_000462,(*_ _)人,Apologizing,Various Actions
km_000463,m(_ _;m),Apologizing,Various Actions
km_000464,(m;_ _)m,Apologizing,Various Actions
km_000465,(シ. .)シ,Apologizing,Various Actions
km_000466,(*￣ii￣),Nosebleeding,Various Actions
km_000467,(￣ﾊ￣*),Nosebleeding,Various Actions
km_000468,\(￣ﾊ￣),Nosebleeding,Various Actions
km_000469,(＾་།＾),Nosebleeding,Various Actions
km_000470,(＾〃＾),Nosebleeding,Various Actions
km_000471,(￣ ¨ヽ￣),Nosebleeding,Various Actions
km_000472,(￣ ;￣),Nosebleeding,Various Actions
km_000473,(￣ ;;￣),Nosebleeding,Various Actions
km_000474,|･ω･),Hiding,Various Actions
km_000475,ﾍ(･_|,Hiding,Various Actions
km_000476,|ω･)ﾉ,Hiding,Various Actions
km_000477,ヾ(･|,Hiding,Various Actions
km_000478,|д･),Hiding,Various Actions
km_000479,|_￣)),Hiding,Various Actions
km_000480,|▽//),Hiding,Various Actions
km_000481,┬┴┬┴┤(･_├┬┴┬┴,Hiding,Various Actions
km_000482,┬┴┬┴┤･ω･)ﾉ,Hiding,Various Actions
km_000483,┬┴┬┴┤( ͡° ͜ʖ├┬┴┬┴,Hiding,Various Actions
km_000484,|_・),Hiding,Various Actions
km_000485,|･д･)ﾉ,Hiding,Various Actions
km_000486,|ʘ‿ʘ)╯,Hiding,Various Actions
km_000487,__φ(．．),Writing,Various Actions
km_000488,( ￣ー￣)φ__,Writing,Various Actions
km_000489,__φ(。。),Writing,Various Actions
km_000490,__φ(．．;),Writing,Various Actions
km_000491,ヾ( `ー´)シφ__,Writing,Various Actions
km_000492,__〆(￣ー￣ ),Writing,Various Actions
km_000493,....φ(・∀・*),Writing,Various Actions
km_000494,___〆(・∀・),Writing,Various Actions
km_000495,( ^▽^)ψ__,Writing,Various Actions
km_000496,....φ(︶▽︶)φ....,Writing,Various Actions
km_000497,( . .)φ__,Writing,Various Actions
km_000498,__φ(◎◎ヘ),Writing,Various Actions
km_000499,☆ﾐ(o*･ω･)ﾉ,Running,Various Actions
km_000500,C= C= C= C= C=┌(;・ω・)┘,Running,Various Actions
km_000501,─=≡Σ((( つ＞＜)つ,Running,Various Actions
km_000502,ε=ε=ε=ε=┌(;￣▽￣)┘,Running,Various Actions
km_000503,ε=ε=┌( >_<)┘,Running,Various Actions
km_000504,C= C= C= C=┌( `ー´)┘,Running,Various Actions
km_000505,ε===(っ≧ω≦)っ,Running,Various Actions
km_000506,ヽ(￣д￣;)ノ=3=3=3,Running,Various Actions
km_000507,。。。ミヽ(。＞＜)ノ,Running,Various Actions
km_000508,[(－－)]..zzZ,Sleeping,Various Actions
km_000509,(－_－) zzZ,Sleeping,Various Actions
km_000510,(∪｡∪)｡｡｡zzZ,Sleeping,Various Actions
km_000511,(－ω－) zzZ,Sleeping,Various Actions
km_000512,(￣o￣) zzZZzzZZ,Sleeping,Various Actions
km_000513,(( _ _ ))..zzzZZ,Sleeping,Various Actions
km_000514,(￣ρ￣)..zzZZ,Sleeping,Various Actions
km_000515,(－.－)...zzz,Sleeping,Various Actions
km_000516,(＿ ＿*) Z z z,Sleeping,Various Actions
km_000517,(x . x) ~~zzZ,Sleeping,Various Actions
km_000518,(=^･ω･^=),Cat,Animals
km_000519,(=^･ｪ･^=),Cat,Animals
km_000520,(=①ω①=),Cat,Animals
km_000521,( =ω=)..nyaa,Cat,Animals
km_000522,(= ; ｪ ; =),Cat,Animals
km_000523,(=`ω´=),Cat,Animals
km_000524,(=^‥^=),Cat,Animals
km_000525,( =ノωヽ=),Cat,Animals
km_000526,(=⌒‿‿⌒=),Cat,Animals
km_000527,(=^ ◡ ^=),Cat,Animals
km_000528,(=^-ω-^=),Cat,Animals
km_000529,ヾ(=`ω´=)ノ”,Cat,Animals
km_000530,(＾• ω •＾),Cat,Animals
km_000531,(/ =ω=)/,Cat,Animals
km_000532,ฅ(•ㅅ•❀)ฅ,Cat,Animals
km_000533,ฅ(• ɪ •)ฅ,Cat,Animals
km_000534,ଲ(ⓛ ω ⓛ)ଲ,Cat,Animals
km_000535,(^=◕ᴥ◕=^),Cat,Animals
km_000536,( =ω= ),Cat,Animals
km_000537,(^˵◕ω◕˵^),Cat,Animals
km_000538,(^◔ᴥ◔^),Cat,Animals
km_000539,(^◕ᴥ◕^),Cat,Animals
km_000540,ต(=ω=)ต,Cat,Animals
km_000541,( Φ ω Φ ),Cat,Animals
km_000542,ฅ(^◕ᴥ◕^)ฅ,Cat,Animals
km_000543,( ´(ｴ)ˋ ),Bear,Animals
km_000544,(*￣(ｴ)￣*),Bear,Animals
km_000545,ヽ(￣(ｴ)￣)ﾉ,Bear,Animals
km_000546,(／￣(ｴ)￣)／,Bear,Animals
km_000547,(￣(ｴ)￣),Bear,Animals
km_000548,ヽ( ˋ(ｴ)´ )ﾉ,Bear,Animals
km_000549,⊂(￣(ｴ)￣)⊃,Bear,Animals
km_000550,(／(ｴ)＼),Bear,Animals
km_000551,⊂(´(ェ)ˋ)⊃,Bear,Animals
km_000552,(/-(ｴ)-＼),Bear,Animals
km_000553,(/°(ｴ)°)/,Bear,Animals
km_000554,ʕ •̀ ω •́ ʔ,Bear,Animals
km_000555,∪･ω･∪,Dog,Animals
km_000556,∪･ｪ･∪,Dog,Animals
km_000557,Ｕ^皿^Ｕ,Dog,Animals
km_000558,U^ｪ^U,Dog,Animals
km_000559,／(≧ x ≦)＼,Rabbit,Animals
km_000560,／(･ × ･)＼,Rabbit,Animals
km_000561,／(=´x`=)＼,Rabbit,Animals
km_000562,／(^ x ^)＼,Rabbit,Animals
km_000563,／(=･ x ･=)＼,Rabbit,Animals
km_000564,／(^ × ^)＼,Rabbit,Animals
km_000565,／(＞×＜)＼,Rabbit,Animals
km_000566,／(˃ᆺ˂)＼,Rabbit,Animals
km_000567,( ´(00)ˋ ),Pig,Animals
km_000568,(￣(ω)￣),Pig,Animals
km_000569,ヽ( ˋ(00)´ )ノ,Pig,Animals
km_000570,( ´(oo)ˋ ),Pig,Animals
km_000571,＼(￣(oo)￣)／,Pig,Animals
km_000572,｡ﾟ(ﾟ´(00)`ﾟ)ﾟ｡,Pig,Animals
km_000573,(￣(00)￣),Pig,Animals
km_000574,(ˆ(oo)ˆ),Pig,Animals
km_000575,(￣Θ￣),Bird,Animals
km_000576,(`･Θ･´),Bird,Animals
km_000577,( ˋ Θ ´ ),Bird,Animals
km_000578,(◉Θ◉),Bird,Animals
km_000579,＼( ˋ Θ ´ )／,Bird,Animals
km_000580,(･θ･),Bird,Animals
km_000581,(・Θ・),Bird,Animals
km_000582,ヾ(￣◇￣)ノ〃,Bird,Animals
km_000583,(･Θ･),Bird,Animals
km_000584,(°)#))<<,Fish,Animals
km_000585,<・ )))><<,Fish,Animals
km_000586,ζ°)))彡,Fish,Animals
km_000587,>°))))彡,Fish,Animals
km_000588,(°))<<,Fish,Animals
km_000589,>^)))<～～,Fish,Animals
km_000590,≧( ° ° )≦,Fish,Animals
km_000591,/╲/\╭(ఠఠ益ఠఠ)╮/\╱\,Spider,Animals
km_000592,/╲/\╭(ರರ⌓ರರ)╮/\╱\,Spider,Animals
km_000593,/╲/\╭( ͡°͡° ͜ʖ ͡°͡°)╮/\╱\,Spider,Animals
km_000594,/╲/\( •̀ ω •́ )/\╱\,Spider,Animals
km_000595,ヾ(・ω・)メ(・ω・)ノ,Friends,Other Types
km_000596,ヽ(∀° )人( °∀)ノ,Friends,Other Types
km_000597,ヽ( ⌒o⌒)人(⌒-⌒ )ﾉ,Friends,Other Types
km_000598,(*^ω^)八(⌒▽⌒)八(-‿‿- )ヽ,Friends,Other Types
km_000599,＼(＾∀＾)メ(＾∀＾)ノ,Friends,Other Types
km_000600,ヾ(￣ー￣(≧ω≦*)ゝ,Friends,Other Types
km_000601,ヽ( ⌒ω⌒)人(=^‥^= )ﾉ,Friends,Other Types
km_000602,ヽ(≧◡≦)八(o^ ^o)ノ,Friends,Other Types
km_000603,(*・∀・)爻(・∀・*),Friends,Other Types
km_000604,｡*:☆(・ω・人・ω・)｡:゜☆｡,Friends,Other Types
km_000605,o(^^o)(o^^o)(o^^o)(o^^)o,Friends,Other Types
km_000606,(((￣(￣(￣▽￣)￣)￣))),Friends,Other Types
km_000607,(°(°ω(°ω°(☆ω☆)°ω°)ω°)°),Friends,Other Types
km_000608,ヾ(・ω・`)ノヾ(´・ω・)ノ゛,Friends,Other Types
km_000609,Ψ( `∀)(∀´ )Ψ,Friends,Other Types
km_000610,(っ˘▽˘)(˘▽˘)˘▽˘ς),Friends,Other Types
km_000611,(((*°▽°*)八(*°▽°*))),Friends,Other Types
km_000612,☆ヾ(*´・∀・)ﾉヾ(・∀・`*)ﾉ☆,Friends,Other Types
km_000613,(*＾ω＾)人(＾ω＾*),Friends,Other Types
km_000614,٩(๑･ิᴗ･ิ)۶٩(･ิᴗ･ิ๑)۶,Friends,Other Types
km_000615,(☞°ヮ°)☞ ☜(°ヮ°☜),Friends,Other Types
km_000616,＼(▽￣ \ (￣▽￣) / ￣▽)／,Friends,Other Types
km_000617,\( ˙▿˙ )/\( ˙▿˙ )/,Friends,Other Types
km_000618,ヽ( ･∀･)ﾉ_θ彡☆Σ(ノ `Д´)ノ,Enemies,Other Types
km_000619,(*´∇`)┌θ☆(ﾉ>_<)ﾉ,Enemies,Other Types
km_000620,( ￣ω￣)ノﾞ⌒☆ﾐ(o _ _)o,Enemies,Other Types
km_000621,(*`0´)θ☆(メ°皿°)ﾉ,Enemies,Other Types
km_000622,(o¬‿¬o )...☆ﾐ(*x_x),Enemies,Other Types
km_000623,(╬￣皿￣)=○＃(￣#)３￣),Enemies,Other Types
km_000624,(; -_-)――――――C<―_-),Enemies,Other Types
km_000625,＜( ￣︿￣)︵θ︵θ︵☆(＞口＜－),Enemies,Other Types
km_000626,(￣ε(#￣)☆╰╮o(￣▽￣///),Enemies,Other Types
km_000627,ヽ(>_<ヽ) ―⊂|=0ヘ(^‿^ ),Enemies,Other Types
km_000628,ヘ(>_<ヘ) ￢o(￣‿￣ﾒ),Enemies,Other Types
km_000629,",,((( ￣□)_／ ＼_(○￣ ))),,",Enemies,Other Types
km_000630,(҂` ﾛ ´)︻デ═一 ＼(º □ º l|l)/,Enemies,Other Types
km_000631,(╯°Д°)╯︵ /(.□ . ＼),Enemies,Other Types
km_000632,(¬_¬'')ԅ(￣ε￣ԅ),Enemies,Other Types
km_000633,/( .□.)＼ ︵╰(°益°)╯︵ /(.□. /),Enemies,Other Types
km_000634,(ﾉ-.-)ﾉ….((((((((((((●~* ( >_<),Enemies,Other Types
km_000635,!!(ﾒ￣ ￣)_θ☆°0°)/,Enemies,Other Types
km_000636,(`⌒*)O-(`⌒´Q),Enemies,Other Types
km_000637,(((ง’ω’)و三 ง’ω’)ڡ≡　☆⌒ﾐ((x_x),Enemies,Other Types
km_000638,(งಠ_ಠ)ง　σ( •̀ ω •́ σ),Enemies,Other Types
km_000639,(っ•﹏•)っ ✴==≡눈٩(`皿´҂)ง,Enemies,Other Types
km_000640,(｢• ω •)｢ (⌒ω⌒`),Enemies,Other Types
km_000641,( °ᴗ°)~ð (/❛o❛\),Enemies,Other Types
km_000642,( ・∀・)・・・--------☆,Weapons,Other Types
km_000643,(/-_・)/D・・・・・------ →,Weapons,Other Types
km_000644,(^ω^)ノﾞ(((((((((●～*,Weapons,Other Types
km_000645,( -ω-)／占~~~~~,Weapons,Other Types
km_000646,(/・・)ノ　　 (( く ((へ,Weapons,Other Types
km_000647,―⊂|=0ヘ(^^ ),Weapons,Other Types
km_000648,○∞∞∞∞ヽ(^ー^ ),Weapons,Other Types
km_000649,(; ・_・)――――C,Weapons,Other Types
km_000650,(ಠ o ಠ)¤=[]:::::>,Weapons,Other Types
km_000651,(*＾＾)/~~~~~~~~~~◎,Weapons,Other Types
km_000652,￢o(￣-￣ﾒ),Weapons,Other Types
km_000653,―(T_T)→,Weapons,Other Types
km_000654,((( ￣□)_／,Weapons,Other Types
km_000655,(ﾒ` ﾛ ´)︻デ═一,Weapons,Other Types
km_000656,( ´-ω･)︻┻┳══━一,Weapons,Other Types
km_000657,(ﾒ￣▽￣)︻┳═一,Weapons,Other Types
km_000658,✴==≡눈٩(`皿´҂)ง,Weapons,Other Types
km_000659,Q(`⌒´Q),Weapons,Other Types
km_000660,(ノ ˘_˘)ノ　ζ|||ζ　ζ|||ζ　ζ|||ζ,Magic,Other Types
km_000661,(ﾉ≧∀≦)ﾉ ‥…━━━★,Magic,Other Types
km_000662,"(ﾉ>ω<)ﾉ :｡･:*:･ﾟ’★,｡･:*:･ﾟ’☆",Magic,Other Types
km_000663,(ノ°∀°)ノ⌒･*:.｡. .｡.:*･゜ﾟ･*☆,Magic,Other Types
km_000664,╰( ͡° ͜ʖ ͡° )つ──☆*:・ﾟ,Magic,Other Types
km_000665,(＃￣□￣)o━∈・・━━━━☆,Magic,Other Types
km_000666,(⊃｡•́‿•̀｡)⊃━✿✿✿✿✿✿,Magic,Other Types
km_000667,(∩ᄑ_ᄑ)⊃━☆ﾟ*･｡*･:≡( ε:),Magic,Other Types
km_000668,(/￣ー￣)/~~☆’.･.･:★’.･.･:☆,Magic,Other Types
km_000669,(∩` ﾛ ´)⊃━炎炎炎炎炎,Magic,Other Types
km_000670,(っ˘ڡ˘ς),Food,Other Types
km_000671,( o˘◡˘o) ┌iii┐,Food,Other Types
km_000672,(　’ω’)旦~~,Food,Other Types
km_000673,( ˘▽˘)っ♨,Food,Other Types
km_000674,♨o(>_<)o♨,Food,Other Types
km_000675,( ・ω・)o-{{[〃]}},Food,Other Types
km_000676,(　・ω・)⊃-[二二],Food,Other Types
km_000677,( ・・)つ―{}@{}@{}-,Food,Other Types
km_000678,( ・・)つ-●●●,Food,Other Types
km_000679,(*´ー`)旦 旦(￣ω￣*),Food,Other Types
km_000680,(*´з`)口ﾟ｡ﾟ口(・∀・ ),Food,Other Types
km_000681,( o^ ^o)且 且(´ω`*),Food,Other Types
km_000682,( ￣▽￣)[] [](≧▽≦ ),Food,Other Types
km_000683,( *^^)o∀*∀o(^^* ),Food,Other Types
km_000684,( ^^)_旦~~　 ~~U_(^^ ),Food,Other Types
km_000685,(*￣▽￣)旦 且(´∀`*),Food,Other Types
km_000686,-●●●-ｃ(・・ ),Food,Other Types
km_000687,( ・・)つ―●○◎-,Food,Other Types
km_000688,(￣﹃￣),Food,Other Types
km_000689,(๑ᵔ⤙ᵔ๑),Food,Other Types
km_000690,(´ᵔ⤙ᵔ`),Food,Other Types
km_000691,ヾ(´〇`)ﾉ♪♪♪,Music,Other Types
km_000692,ヘ(￣ω￣ヘ),Music,Other Types
km_000693,(〜￣▽￣)〜,Music,Other Types
km_000694,〜(￣▽￣〜),Music,Other Types
km_000695,ヽ(o´∀`)ﾉ♪♬,Music,Other Types
km_000696,(ﾉ≧∀≦)ﾉ,Music,Other Types
km_000697,♪ヽ(^^ヽ)♪,Music,Other Types
km_000698,♪(/_ _ )/♪,Music,Other Types
km_000699,♪♬((d⌒ω⌒b))♬♪,Music,Other Types
km_000700,└(￣-￣└)),Music,Other Types
km_000701,((┘￣ω￣)┘,Music,Other Types
km_000702,√(￣‥￣√),Music,Other Types
km_000703,└(＾＾)┐,Music,Other Types
km_000704,┌(＾＾)┘,Music,Other Types
km_000705,＼(￣▽￣)＼,Music,Other Types
km_000706,／(￣▽￣)／,Music,Other Types
km_000707,(￣▽￣)/♫•*¨*•.¸¸♪,Music,Other Types
km_000708,(^_^♪),Music,Other Types
km_000709,(~˘▽˘)~,Music,Other Types
km_000710,~(˘▽˘~),Music,Other Types
km_000711,ヾ(⌐■_■)ノ♪,Music,Other Types
km_000712,(〜￣△￣)〜,Music,Other Types
km_000713,(~‾▽‾)~,Music,Other Types
km_000714,~(˘▽˘)~,Music,Other Types
km_000715,乁( • ω •乁),Music,Other Types
km_000716,(｢• ω •)｢,Music,Other Types
km_000717,⁽⁽◝( • ω • )◜⁾⁾,Music,Other Types
km_000718,✺◟( • ω • )◞✺,Music,Other Types
km_000719,♬♫♪◖(● o ●)◗♪♫♬,Music,Other Types
km_000720,( ˘ ɜ˘) ♬♪♫,Music,Other Types
km_000721,♪♪♪ ヽ(ˇ∀ˇ )ゞ,Music,Other Types
km_000722,(ˇ▽ˇ)ノ♪♬♫,Music,Other Types
km_000723,( ^^)p_____|_o____q(^^ ),Games,Other Types
km_000724,(／o^)/ °⊥ ＼(^o＼),Games,Other Types
km_000725,!(;ﾟoﾟ)o/￣￣￣￣￣￣￣~ >ﾟ))))彡,Games,Other Types
km_000726,ヽ(^o^)ρ┳┻┳°σ(^o^)ノ,Games,Other Types
km_000727,(／_^)／　　●　＼(^_＼),Games,Other Types
km_000728,"""( (≡|≡))_／ ＼_((≡|≡) )""",Games,Other Types
km_000729,( ノ-_-)ノﾞ_□ VS □_ヾ(^-^ヽ),Games,Other Types
km_000730,ヽ(；^ ^)ノﾞ ．．．...___〇,Games,Other Types
km_000731,(=O*_*)=O Q(*_*Q),Games,Other Types
km_000732,Ю　○三　＼(￣^￣＼),Games,Other Types
km_000733,(˙ω˙)🎮(˙∀˙)🎮,Games,Other Types
km_000734,( ͡° ͜ʖ ͡°),Faces,Other Types
km_000735,( ͡° ʖ̯ ͡°),Faces,Other Types
km_000736,( ͠° ͟ʖ ͡°),Faces,Other Types
km_000737,( ͡ᵔ ͜ʖ ͡ᵔ),Faces,Other Types
km_000738,( . •́ _ʖ •̀ .),Faces,Other Types
km_000739,( ఠ ͟ʖ ఠ),Faces,Other Types
km_000740,( ͡ಠ ʖ̯ ͡ಠ),Faces,Other Types
km_000741,( ಠ ʖ̯ ಠ),Faces,Other Types
km_000742,( ಠ ͜ʖ ಠ),Faces,Other Types
km_000743,( ಥ ʖ̯ ಥ),Faces,Other Types
km_000744,( ͡• ͜ʖ ͡• ),Faces,Other Types
km_000745,( ･ิ ͜ʖ ･ิ),Faces,Other Types
km_000746,( ͡  ͜ʖ ͡  ),Faces,Other Types
km_000747,(≖ ͜ʖ≖),Faces,Other Types
km_000748,(ʘ ʖ̯ ʘ),Faces,Other Types
km_000749,(ʘ ͟ʖ ʘ),Faces,Other Types
km_000750,(ʘ ͜ʖ ʘ),Faces,Other Types
km_000751,(;´༎ຶٹ༎ຶ`),Faces,Other Types
km_000752,٩(ˊ〇ˋ*)و,Special,Other Types
km_000753,(￣^￣)ゞ,Special,Other Types
km_000754,(－‸ლ),Special,Other Types
km_000755,(╯°益°)╯彡┻━┻,Special,Other Types
km_000756,(╮°-°)╮┳━━┳ ( ╯°□°)╯ ┻━━┻,Special,Other Types
km_000757,┬─┬ノ( º _ ºノ),Special,Other Types
km_000758,(oT-T)尸,Special,Other Types
km_000759,[̲̅$̲̅(̲̅ ͡° ͜ʖ ͡°̲̅)̲̅$̲̅],Special,Other Types
km_000760,(ಠ_ಠ),Special,Other Types
km_000761,౦０o ｡ (‾́。‾́ )y~~,Special,Other Types
km_000762,(x(x_(x_x(O_o)x_x)_x)x),Special,Other Types
km_000763,(　･ω･)☞,Special,Other Types
km_000764,(⌐■_■),Special,Other Types
km_000765,(◕‿◕✿),Special,Other Types
km_000766,(　￣.)o-　　【　TV　】,Special,Other Types
km_000767,｀、ヽ｀ヽ｀、ヽ(ノ＞＜)ノ ｀、ヽ｀☂ヽ｀、ヽ,Special,Other Types
km_000768,‿︵‿︵‿︵‿ヽ(°□° )ノ︵‿︵‿︵‿︵,Special,Other Types
km_000769,( • )( • )ԅ(≖‿≖ԅ),Special,Other Types
km_000770,( ＾▽＾)っ✂╰⋃╯,Special,Other Types
km_000771,〜〜(／￣▽)／　〜ф,Special,Other Types
km_000772,ଘ(੭ˊᵕˋ)੭* ੈ✩‧₊˚,Special,Other Types
km_000773,ଘ(੭ˊ꒳​ˋ)੭✧,Special,Other Types
km_000774,_(:3 」∠)_,Special,Other Types
km_000775,∠( ᐛ 」∠)_,Special,Other Types
